{

    "1":
    {
        "x":109,
        "y":188.793538
    },
    "2": 
    {
        "x":198.2202904,
        "y":95.43959603
    },
    "3": 
    {
        "x":220,
        "y":0
    },
    "4":
    {
        "x":198.2202904,
        "y":-95.43959603
    },
    "5": 
    {
        "x":109,
        "y":-188.793538
    },
    "6": 
    {
        "x":0,
        "y":-218
    },
    "7": 
    {
        "x":-109,
        "y":-188.793538
    },
    "8": 
    {
        "x":-198.2202904,
        "y":-95.43959603
    },
    "9":
    {
        "x":-220,
        "y":0
    },
    "10":
    {
        "x":-198.2202904,
        "y":95.43959603
    },
    "11":
    {
        "x":-109,
        "y":188.793538
    },
    "12":
    {
        "x":0,
        "y":218
    }


}


